1,Game.py,Thu Jun  4 10:49:27 2020,10:49:27,1
2,Game.py,Thu Jun  4 10:49:28 2020,10:49:28,0
3,Music.py,Thu Jun  4 10:49:30 2020,10:49:30,1
4,Music.py,Thu Jun  4 10:49:31 2020,10:49:31,0
5,Game.py,Thu Jun  4 10:49:43 2020,10:49:43,1
6,Game.py,Thu Jun  4 10:49:44 2020,10:49:44,0
7,Alarm.py,Thu Jun  4 10:49:51 2020,10:49:51,1
8,Alarm.py,Thu Jun  4 10:49:52 2020,10:49:52,0
1,Alarm.py,Thu Jun 11 12:20:01 2020,12:20:01,1
2,Alarm.py,Thu Jun 11 12:20:01 2020,12:20:01,0
3,Alarm.py,Thu Jun 11 12:20:04 2020,12:20:04,1
4,Game.py,Thu Jun 11 12:20:05 2020,12:20:05,1
